<mujoco model="model">
  <asset>
    <texture type="2d" name="texture" file="texture.png"/>
    <material name="material_0" texture="texture" specular="0.5" shininess="0.5"/>
    <mesh name="model" file="model.obj"/>
    <mesh name="model_collision_0" file="model_collision_0.obj"/>
    <mesh name="model_collision_1" file="model_collision_1.obj"/>
    <mesh name="model_collision_2" file="model_collision_2.obj"/>
    <mesh name="model_collision_3" file="model_collision_3.obj"/>
    <mesh name="model_collision_4" file="model_collision_4.obj"/>
    <mesh name="model_collision_5" file="model_collision_5.obj"/>
    <mesh name="model_collision_6" file="model_collision_6.obj"/>
    <mesh name="model_collision_7" file="model_collision_7.obj"/>
    <mesh name="model_collision_8" file="model_collision_8.obj"/>
    <mesh name="model_collision_9" file="model_collision_9.obj"/>
    <mesh name="model_collision_10" file="model_collision_10.obj"/>
    <mesh name="model_collision_11" file="model_collision_11.obj"/>
    <mesh name="model_collision_12" file="model_collision_12.obj"/>
    <mesh name="model_collision_13" file="model_collision_13.obj"/>
    <mesh name="model_collision_14" file="model_collision_14.obj"/>
    <mesh name="model_collision_15" file="model_collision_15.obj"/>
    <mesh name="model_collision_16" file="model_collision_16.obj"/>
    <mesh name="model_collision_17" file="model_collision_17.obj"/>
    <mesh name="model_collision_18" file="model_collision_18.obj"/>
    <mesh name="model_collision_19" file="model_collision_19.obj"/>
    <mesh name="model_collision_20" file="model_collision_20.obj"/>
    <mesh name="model_collision_21" file="model_collision_21.obj"/>
    <mesh name="model_collision_22" file="model_collision_22.obj"/>
    <mesh name="model_collision_23" file="model_collision_23.obj"/>
    <mesh name="model_collision_24" file="model_collision_24.obj"/>
    <mesh name="model_collision_25" file="model_collision_25.obj"/>
    <mesh name="model_collision_26" file="model_collision_26.obj"/>
    <mesh name="model_collision_27" file="model_collision_27.obj"/>
    <mesh name="model_collision_28" file="model_collision_28.obj"/>
    <mesh name="model_collision_29" file="model_collision_29.obj"/>
    <mesh name="model_collision_30" file="model_collision_30.obj"/>
    <mesh name="model_collision_31" file="model_collision_31.obj"/>
  </asset>
  <worldbody>
    <body name="model">
      <geom material="material_0" mesh="model" type="mesh" contype="0" conaffinity="0" group="2"/>
      <geom mesh="model_collision_0" type="mesh" group="3"/>
      <geom mesh="model_collision_1" type="mesh" group="3"/>
      <geom mesh="model_collision_2" type="mesh" group="3"/>
      <geom mesh="model_collision_3" type="mesh" group="3"/>
      <geom mesh="model_collision_4" type="mesh" group="3"/>
      <geom mesh="model_collision_5" type="mesh" group="3"/>
      <geom mesh="model_collision_6" type="mesh" group="3"/>
      <geom mesh="model_collision_7" type="mesh" group="3"/>
      <geom mesh="model_collision_8" type="mesh" group="3"/>
      <geom mesh="model_collision_9" type="mesh" group="3"/>
      <geom mesh="model_collision_10" type="mesh" group="3"/>
      <geom mesh="model_collision_11" type="mesh" group="3"/>
      <geom mesh="model_collision_12" type="mesh" group="3"/>
      <geom mesh="model_collision_13" type="mesh" group="3"/>
      <geom mesh="model_collision_14" type="mesh" group="3"/>
      <geom mesh="model_collision_15" type="mesh" group="3"/>
      <geom mesh="model_collision_16" type="mesh" group="3"/>
      <geom mesh="model_collision_17" type="mesh" group="3"/>
      <geom mesh="model_collision_18" type="mesh" group="3"/>
      <geom mesh="model_collision_19" type="mesh" group="3"/>
      <geom mesh="model_collision_20" type="mesh" group="3"/>
      <geom mesh="model_collision_21" type="mesh" group="3"/>
      <geom mesh="model_collision_22" type="mesh" group="3"/>
      <geom mesh="model_collision_23" type="mesh" group="3"/>
      <geom mesh="model_collision_24" type="mesh" group="3"/>
      <geom mesh="model_collision_25" type="mesh" group="3"/>
      <geom mesh="model_collision_26" type="mesh" group="3"/>
      <geom mesh="model_collision_27" type="mesh" group="3"/>
      <geom mesh="model_collision_28" type="mesh" group="3"/>
      <geom mesh="model_collision_29" type="mesh" group="3"/>
      <geom mesh="model_collision_30" type="mesh" group="3"/>
      <geom mesh="model_collision_31" type="mesh" group="3"/>
    </body>
  </worldbody>
</mujoco>